{
"Simple Moving Average": {
      "AAPL.csv": {
            "total profit": 239.42639999999997,
            "profit percent": 248.44495174846938
      },
      "CSCO.csv": {
            "total profit": -106.01649999999998,
            "profit percent": -140.77346965874383
      },
      "FB.csv": {
            "total profit": 37.68399999999983,
            "profit percent": 139.0553505535049
      },
      "GOOGL.csv": {
            "total profit": 761.9355999999999,
            "profit percent": 706.0843295338708
      },
      "JPM.csv": {
            "total profit": 10.770899999999884,
            "profit percent": 12.764754681203941
      },
      "MSFT.csv": {
            "total profit": -49.86620000000029,
            "profit percent": -55.52410644694387
      },
      "TMUS.csv": {
            "total profit": -7.615000000000009,
            "profit percent": -26.579406631762687
      },
      "TSLA.csv": {
            "total profit": 325.5253000000002,
            "profit percent": 1794.516538037487
      },
      "TTM.csv": {
            "total profit": 53.0500000000001,
            "profit percent": 560.1900739176356
      },
      "XOM.csv": {
            "total profit": -140.77860000000004,
            "profit percent": -189.44771901493746
      }
},
"Mean Reversion": {
      "AAPL.csv": {
            "total profit": -220.4238000000016,
            "profit percent": -228.72657466016557
      },
      "CSCO.csv": {
            "total profit": -158.4860999999995,
            "profit percent": -210.44496082857455
      },
      "FB.csv": {
            "total profit": 117.66440000000009,
            "profit percent": 397.5148648648651
      },
      "GOOGL.csv": {
            "total profit": 559.4087999999999,
            "profit percent": 518.403113705866
      },
      "JPM.csv": {
            "total profit": -41.31099999999949,
            "profit percent": -48.95828395354289
      },
      "MSFT.csv": {
            "total profit": 49.20349999999993,
            "profit percent": 54.7070269068267
      },
      "TMUS.csv": {
            "total profit": 32.96999999999983,
            "profit percent": 116.91489361702068
      },
      "TSLA.csv": {
            "total profit": -91.09210000000002,
            "profit percent": -523.5178160919542
      },
      "TTM.csv": {
            "total profit": 39.47779999999995,
            "profit percent": 416.8722280887006
      },
      "XOM.csv": {
            "total profit": -65.89170000000033,
            "profit percent": -88.67137666532139
      }
},
"Bollinger Bands": {
      "AAPL.csv": {
            "total profit": 483.25640000000004,
            "profit percent": 459.150973871734
      },
      "CSCO.csv": {
            "total profit": 8.822299999999991,
            "profit percent": 8.491145332050039
      },
      "FB.csv": {
            "total profit": 193.13039999999995,
            "profit percent": 605.234722657474
      },
      "GOOGL.csv": {
            "total profit": 963.9679999999997,
            "profit percent": 569.2164157071153
      },
      "JPM.csv": {
            "total profit": 46.65999999999997,
            "profit percent": 64.1374570446735
      },
      "MSFT.csv": {
            "total profit": 45.643000000000015,
            "profit percent": 43.99325301204821
      },
      "TMUS.csv": {
            "total profit": 9.060000000000004,
            "profit percent": 26.73354971968133
      },
      "TSLA.csv": {
            "total profit": 461.69539999999995,
            "profit percent": 2922.122784810126
      },
      "TTM.csv": {
            "total profit": -3.279999999999994,
            "profit percent": -29.549549549549496
      },
      "XOM.csv": {
            "total profit": -28.759999999999977,
            "profit percent": -36.460446247464475
      }
},
"Max Return": {
      "ticker": "GOOGL",
      "strategy": "Simple Moving Average",
      "returns": 963.9679999999997,
      "percent": 569.2164157071153
}
}